-- phpMyAdmin SQL Dump
-- version 5.1.1
-- https://www.phpmyadmin.net/
--
-- Host: 127.0.0.1:3306
-- Generation Time: Aug 29, 2022 at 01:42 AM
-- Server version: 5.7.36
-- PHP Version: 7.4.26

SET SQL_MODE = "NO_AUTO_VALUE_ON_ZERO";
START TRANSACTION;
SET time_zone = "+00:00";


/*!40101 SET @OLD_CHARACTER_SET_CLIENT=@@CHARACTER_SET_CLIENT */;
/*!40101 SET @OLD_CHARACTER_SET_RESULTS=@@CHARACTER_SET_RESULTS */;
/*!40101 SET @OLD_COLLATION_CONNECTION=@@COLLATION_CONNECTION */;
/*!40101 SET NAMES utf8mb4 */;

--
-- Database: `absensi`
--

-- --------------------------------------------------------

--
-- Table structure for table `absen`
--

DROP TABLE IF EXISTS `absen`;
CREATE TABLE IF NOT EXISTS `absen` (
  `absen_id` int(11) NOT NULL AUTO_INCREMENT,
  `absen_nik` varchar(11) NOT NULL,
  `absen_photo` varchar(50) NOT NULL,
  `absen_photo_checkout` varchar(50) NOT NULL,
  `absen_latitude` varchar(20) NOT NULL,
  `absen_longitude` varchar(20) NOT NULL,
  `absen_latitude_checkout` varchar(20) NOT NULL,
  `absen_longitude_checkout` varchar(20) NOT NULL,
  `absen_datetime` datetime DEFAULT NULL,
  `absen_checkout_datetime` datetime DEFAULT NULL,
  PRIMARY KEY (`absen_id`),
  KEY `nik` (`absen_nik`)
) ENGINE=MyISAM AUTO_INCREMENT=166 DEFAULT CHARSET=latin1;

--
-- Dumping data for table `absen`
--

INSERT INTO `absen` (`absen_id`, `absen_nik`, `absen_photo`, `absen_photo_checkout`, `absen_latitude`, `absen_longitude`, `absen_latitude_checkout`, `absen_longitude_checkout`, `absen_datetime`, `absen_checkout_datetime`) VALUES
(1, '19990510123', '6303072dd36590.63650529-12345678915.jpg', '6303072dd36590.63650529-12345678915.jpg', '-7.8156567', '110.4163226', '-7.8156567', '110.4163226', '2022-07-01 08:17:56', '2022-07-01 17:05:56'),
(2, '19990510123', '6303072dd36590.63650529-12345678915.jpg', '6303072dd36590.63650529-12345678915.jpg', '-7.8156567', '110.4163226', '-7.8156567', '110.4163226', '2022-07-04 08:17:56', '2022-07-04 17:05:56'),
(3, '19990510123', '6303072dd36590.63650529-12345678915.jpg', '6303072dd36590.63650529-12345678915.jpg', '-7.8156567', '110.4163226', '-7.8156567', '110.4163226', '2022-07-05 08:17:56', '2022-07-05 17:05:56'),
(4, '19990510123', '6303072dd36590.63650529-12345678915.jpg', '6303072dd36590.63650529-12345678915.jpg', '-7.8156567', '110.4163226', '-7.8156567', '110.4163226', '2022-07-06 08:17:56', '2022-07-06 17:05:56'),
(5, '19990510123', '6303072dd36590.63650529-12345678915.jpg', '6303072dd36590.63650529-12345678915.jpg', '-7.8156567', '110.4163226', '-7.8156567', '110.4163226', '2022-07-07 08:17:56', '2022-07-07 17:05:56'),
(6, '19990510123', '6303072dd36590.63650529-12345678915.jpg', '6303072dd36590.63650529-12345678915.jpg', '-7.8156567', '110.4163226', '-7.8156567', '110.4163226', '2022-07-08 08:17:56', '2022-07-08 17:05:56'),
(7, '19990510123', '6303072dd36590.63650529-12345678915.jpg', '6303072dd36590.63650529-12345678915.jpg', '-7.8156567', '110.4163226', '-7.8156567', '110.4163226', '2022-07-11 08:17:56', '2022-07-11 17:05:56'),
(8, '19990510123', '6303072dd36590.63650529-12345678915.jpg', '6303072dd36590.63650529-12345678915.jpg', '-7.8156567', '110.4163226', '-7.8156567', '110.4163226', '2022-07-12 08:17:56', '2022-07-12 17:05:56'),
(9, '19990510123', '6303072dd36590.63650529-12345678915.jpg', '6303072dd36590.63650529-12345678915.jpg', '-7.8156567', '110.4163226', '-7.8156567', '110.4163226', '2022-07-13 08:17:56', '2022-07-13 17:05:56'),
(10, '19990510123', '6303072dd36590.63650529-12345678915.jpg', '6303072dd36590.63650529-12345678915.jpg', '-7.8156567', '110.4163226', '-7.8156567', '110.4163226', '2022-07-14 08:17:56', '2022-07-14 17:05:56'),
(11, '19990510123', '6303072dd36590.63650529-12345678915.jpg', '6303072dd36590.63650529-12345678915.jpg', '-7.8156567', '110.4163226', '-7.8156567', '110.4163226', '2022-07-15 08:17:56', '2022-07-15 17:05:56'),
(12, '19990510123', '6303072dd36590.63650529-12345678915.jpg', '6303072dd36590.63650529-12345678915.jpg', '-7.8156567', '110.4163226', '-7.8156567', '110.4163226', '2022-07-18 08:17:56', '2022-07-18 17:05:56'),
(13, '19990510123', '6303072dd36590.63650529-12345678915.jpg', '6303072dd36590.63650529-12345678915.jpg', '-7.8156567', '110.4163226', '-7.8156567', '110.4163226', '2022-07-19 08:17:56', '2022-07-19 17:05:56'),
(14, '19990510123', '6303072dd36590.63650529-12345678915.jpg', '6303072dd36590.63650529-12345678915.jpg', '-7.8156567', '110.4163226', '-7.8156567', '110.4163226', '2022-07-20 08:17:56', '2022-07-20 17:05:56'),
(15, '19990510123', '6303072dd36590.63650529-12345678915.jpg', '6303072dd36590.63650529-12345678915.jpg', '-7.8156567', '110.4163226', '-7.8156567', '110.4163226', '2022-07-21 08:17:56', '2022-07-21 17:05:56'),
(16, '19990510123', '6303072dd36590.63650529-12345678915.jpg', '6303072dd36590.63650529-12345678915.jpg', '-7.8156567', '110.4163226', '-7.8156567', '110.4163226', '2022-07-22 08:17:56', '2022-07-22 17:05:56'),
(17, '19990510123', '6303072dd36590.63650529-12345678915.jpg', '6303072dd36590.63650529-12345678915.jpg', '-7.8156567', '110.4163226', '-7.8156567', '110.4163226', '2022-07-25 08:17:56', '2022-07-25 17:05:56'),
(18, '19990510123', '6303072dd36590.63650529-12345678915.jpg', '6303072dd36590.63650529-12345678915.jpg', '-7.8156567', '110.4163226', '-7.8156567', '110.4163226', '2022-07-26 08:17:56', '2022-07-26 17:05:56'),
(19, '19990510123', '6303072dd36590.63650529-12345678915.jpg', '6303072dd36590.63650529-12345678915.jpg', '-7.8156567', '110.4163226', '-7.8156567', '110.4163226', '2022-07-27 08:17:56', '2022-07-27 17:05:56'),
(20, '19990510123', '6303072dd36590.63650529-12345678915.jpg', '6303072dd36590.63650529-12345678915.jpg', '-7.8156567', '110.4163226', '-7.8156567', '110.4163226', '2022-07-28 08:17:56', '2022-07-28 17:05:56'),
(21, '19990510123', '6303072dd36590.63650529-12345678915.jpg', '6303072dd36590.63650529-12345678915.jpg', '-7.8156567', '110.4163226', '-7.8156567', '110.4163226', '2022-07-29 08:17:56', '2022-07-29 17:05:56'),
(22, '12345678910', '6303072dd36590.63650529-12345678915.jpg', '6303072dd36590.63650529-12345678915.jpg', '-7.8156567', '110.4163226', '-7.8156567', '110.4163226', '2022-07-01 08:17:56', '2022-07-01 17:05:56'),
(23, '12345678910', '6303072dd36590.63650529-12345678915.jpg', '6303072dd36590.63650529-12345678915.jpg', '-7.8156567', '110.4163226', '-7.8156567', '110.4163226', '2022-07-04 08:17:56', '2022-07-04 17:05:56'),
(24, '12345678910', '6303072dd36590.63650529-12345678915.jpg', '6303072dd36590.63650529-12345678915.jpg', '-7.8156567', '110.4163226', '-7.8156567', '110.4163226', '2022-07-05 08:17:56', '2022-07-05 17:05:56'),
(25, '12345678910', '6303072dd36590.63650529-12345678915.jpg', '6303072dd36590.63650529-12345678915.jpg', '-7.8156567', '110.4163226', '-7.8156567', '110.4163226', '2022-07-06 08:17:56', '2022-07-06 17:05:56'),
(26, '12345678910', '6303072dd36590.63650529-12345678915.jpg', '6303072dd36590.63650529-12345678915.jpg', '-7.8156567', '110.4163226', '-7.8156567', '110.4163226', '2022-07-07 08:17:56', '2022-07-07 17:05:56'),
(27, '12345678910', '6303072dd36590.63650529-12345678915.jpg', '6303072dd36590.63650529-12345678915.jpg', '-7.8156567', '110.4163226', '-7.8156567', '110.4163226', '2022-07-08 08:17:56', '2022-07-08 17:05:56'),
(28, '12345678910', '6303072dd36590.63650529-12345678915.jpg', '6303072dd36590.63650529-12345678915.jpg', '-7.8156567', '110.4163226', '-7.8156567', '110.4163226', '2022-07-11 08:17:56', '2022-07-11 17:05:56'),
(29, '12345678910', '6303072dd36590.63650529-12345678915.jpg', '6303072dd36590.63650529-12345678915.jpg', '-7.8156567', '110.4163226', '-7.8156567', '110.4163226', '2022-07-12 08:17:56', '2022-07-12 17:05:56'),
(30, '12345678910', '6303072dd36590.63650529-12345678915.jpg', '6303072dd36590.63650529-12345678915.jpg', '-7.8156567', '110.4163226', '-7.8156567', '110.4163226', '2022-07-13 08:17:56', '2022-07-13 17:05:56'),
(31, '12345678910', '6303072dd36590.63650529-12345678915.jpg', '6303072dd36590.63650529-12345678915.jpg', '-7.8156567', '110.4163226', '-7.8156567', '110.4163226', '2022-07-14 08:17:56', '2022-07-14 17:05:56'),
(32, '12345678910', '6303072dd36590.63650529-12345678915.jpg', '6303072dd36590.63650529-12345678915.jpg', '-7.8156567', '110.4163226', '-7.8156567', '110.4163226', '2022-07-15 08:17:56', '2022-07-15 17:05:56'),
(33, '12345678910', '6303072dd36590.63650529-12345678915.jpg', '6303072dd36590.63650529-12345678915.jpg', '-7.8156567', '110.4163226', '-7.8156567', '110.4163226', '2022-07-18 08:17:56', '2022-07-18 17:05:56'),
(34, '12345678910', '6303072dd36590.63650529-12345678915.jpg', '6303072dd36590.63650529-12345678915.jpg', '-7.8156567', '110.4163226', '-7.8156567', '110.4163226', '2022-07-19 08:17:56', '2022-07-19 17:05:56'),
(35, '12345678910', '6303072dd36590.63650529-12345678915.jpg', '6303072dd36590.63650529-12345678915.jpg', '-7.8156567', '110.4163226', '-7.8156567', '110.4163226', '2022-07-20 08:17:56', '2022-07-20 17:05:56'),
(36, '12345678910', '6303072dd36590.63650529-12345678915.jpg', '6303072dd36590.63650529-12345678915.jpg', '-7.8156567', '110.4163226', '-7.8156567', '110.4163226', '2022-07-21 08:17:56', '2022-07-21 17:05:56'),
(37, '12345678910', '6303072dd36590.63650529-12345678915.jpg', '6303072dd36590.63650529-12345678915.jpg', '-7.8156567', '110.4163226', '-7.8156567', '110.4163226', '2022-07-22 08:17:56', '2022-07-22 17:05:56'),
(38, '12345678910', '6303072dd36590.63650529-12345678915.jpg', '6303072dd36590.63650529-12345678915.jpg', '-7.8156567', '110.4163226', '-7.8156567', '110.4163226', '2022-07-25 08:17:56', '2022-07-25 17:05:56'),
(39, '12345678910', '6303072dd36590.63650529-12345678915.jpg', '6303072dd36590.63650529-12345678915.jpg', '-7.8156567', '110.4163226', '-7.8156567', '110.4163226', '2022-07-26 08:17:56', '2022-07-26 17:05:56'),
(40, '12345678910', '6303072dd36590.63650529-12345678915.jpg', '6303072dd36590.63650529-12345678915.jpg', '-7.8156567', '110.4163226', '-7.8156567', '110.4163226', '2022-07-27 08:17:56', '2022-07-27 17:05:56'),
(41, '12345678910', '6303072dd36590.63650529-12345678915.jpg', '6303072dd36590.63650529-12345678915.jpg', '-7.8156567', '110.4163226', '-7.8156567', '110.4163226', '2022-07-28 08:17:56', '2022-07-28 17:05:56'),
(42, '12345678910', '6303072dd36590.63650529-12345678915.jpg', '6303072dd36590.63650529-12345678915.jpg', '-7.8156567', '110.4163226', '-7.8156567', '110.4163226', '2022-07-29 08:17:56', '2022-07-29 17:05:56'),
(43, '12345678914', '6303072dd36590.63650529-12345678915.jpg', '6303072dd36590.63650529-12345678915.jpg', '-7.8156567', '110.4163226', '-7.8156567', '110.4163226', '2022-07-01 08:17:56', '2022-07-01 17:05:56'),
(44, '12345678914', '6303072dd36590.63650529-12345678915.jpg', '6303072dd36590.63650529-12345678915.jpg', '-7.8156567', '110.4163226', '-7.8156567', '110.4163226', '2022-07-04 08:17:56', '2022-07-04 17:05:56'),
(45, '12345678914', '6303072dd36590.63650529-12345678915.jpg', '6303072dd36590.63650529-12345678915.jpg', '-7.8156567', '110.4163226', '-7.8156567', '110.4163226', '2022-07-05 08:17:56', '2022-07-05 17:05:56'),
(46, '12345678914', '6303072dd36590.63650529-12345678915.jpg', '6303072dd36590.63650529-12345678915.jpg', '-7.8156567', '110.4163226', '-7.8156567', '110.4163226', '2022-07-06 08:17:56', '2022-07-06 17:05:56'),
(47, '12345678914', '6303072dd36590.63650529-12345678915.jpg', '6303072dd36590.63650529-12345678915.jpg', '-7.8156567', '110.4163226', '-7.8156567', '110.4163226', '2022-07-07 08:17:56', '2022-07-07 17:05:56'),
(48, '12345678914', '6303072dd36590.63650529-12345678915.jpg', '6303072dd36590.63650529-12345678915.jpg', '-7.8156567', '110.4163226', '-7.8156567', '110.4163226', '2022-07-08 08:17:56', '2022-07-08 17:05:56'),
(49, '12345678914', '6303072dd36590.63650529-12345678915.jpg', '6303072dd36590.63650529-12345678915.jpg', '-7.8156567', '110.4163226', '-7.8156567', '110.4163226', '2022-07-11 08:17:56', '2022-07-11 17:05:56'),
(50, '12345678914', '6303072dd36590.63650529-12345678915.jpg', '6303072dd36590.63650529-12345678915.jpg', '-7.8156567', '110.4163226', '-7.8156567', '110.4163226', '2022-07-12 08:17:56', '2022-07-12 17:05:56'),
(51, '12345678914', '6303072dd36590.63650529-12345678915.jpg', '6303072dd36590.63650529-12345678915.jpg', '-7.8156567', '110.4163226', '-7.8156567', '110.4163226', '2022-07-13 08:17:56', '2022-07-13 17:05:56'),
(52, '12345678914', '6303072dd36590.63650529-12345678915.jpg', '6303072dd36590.63650529-12345678915.jpg', '-7.8156567', '110.4163226', '-7.8156567', '110.4163226', '2022-07-14 08:17:56', '2022-07-14 17:05:56'),
(53, '12345678914', '6303072dd36590.63650529-12345678915.jpg', '6303072dd36590.63650529-12345678915.jpg', '-7.8156567', '110.4163226', '-7.8156567', '110.4163226', '2022-07-15 08:17:56', '2022-07-15 17:05:56'),
(54, '12345678914', '6303072dd36590.63650529-12345678915.jpg', '6303072dd36590.63650529-12345678915.jpg', '-7.8156567', '110.4163226', '-7.8156567', '110.4163226', '2022-07-18 08:17:56', '2022-07-18 17:05:56'),
(55, '12345678914', '6303072dd36590.63650529-12345678915.jpg', '6303072dd36590.63650529-12345678915.jpg', '-7.8156567', '110.4163226', '-7.8156567', '110.4163226', '2022-07-19 08:17:56', '2022-07-19 17:05:56'),
(56, '12345678914', '6303072dd36590.63650529-12345678915.jpg', '6303072dd36590.63650529-12345678915.jpg', '-7.8156567', '110.4163226', '-7.8156567', '110.4163226', '2022-07-20 08:17:56', '2022-07-20 17:05:56'),
(57, '12345678914', '6303072dd36590.63650529-12345678915.jpg', '6303072dd36590.63650529-12345678915.jpg', '-7.8156567', '110.4163226', '-7.8156567', '110.4163226', '2022-07-21 08:17:56', '2022-07-21 17:05:56'),
(58, '12345678914', '6303072dd36590.63650529-12345678915.jpg', '6303072dd36590.63650529-12345678915.jpg', '-7.8156567', '110.4163226', '-7.8156567', '110.4163226', '2022-07-22 08:17:56', '2022-07-22 17:05:56'),
(59, '12345678914', '6303072dd36590.63650529-12345678915.jpg', '6303072dd36590.63650529-12345678915.jpg', '-7.8156567', '110.4163226', '-7.8156567', '110.4163226', '2022-07-25 08:17:56', '2022-07-25 17:05:56'),
(60, '12345678914', '6303072dd36590.63650529-12345678915.jpg', '6303072dd36590.63650529-12345678915.jpg', '-7.8156567', '110.4163226', '-7.8156567', '110.4163226', '2022-07-26 08:17:56', '2022-07-26 17:05:56'),
(61, '12345678914', '6303072dd36590.63650529-12345678915.jpg', '6303072dd36590.63650529-12345678915.jpg', '-7.8156567', '110.4163226', '-7.8156567', '110.4163226', '2022-07-27 08:17:56', '2022-07-27 17:05:56'),
(62, '12345678914', '6303072dd36590.63650529-12345678915.jpg', '6303072dd36590.63650529-12345678915.jpg', '-7.8156567', '110.4163226', '-7.8156567', '110.4163226', '2022-07-28 08:17:56', '2022-07-28 17:05:56'),
(63, '12345678914', '6303072dd36590.63650529-12345678915.jpg', '6303072dd36590.63650529-12345678915.jpg', '-7.8156567', '110.4163226', '-7.8156567', '110.4163226', '2022-07-29 08:17:56', '2022-07-29 17:05:56'),
(64, '12345678916', '6303072dd36590.63650529-12345678915.jpg', '6303072dd36590.63650529-12345678915.jpg', '-7.8156567', '110.4163226', '-7.8156567', '110.4163226', '2022-07-01 08:17:56', '2022-07-01 17:05:56'),
(65, '12345678916', '6303072dd36590.63650529-12345678915.jpg', '6303072dd36590.63650529-12345678915.jpg', '-7.8156567', '110.4163226', '-7.8156567', '110.4163226', '2022-07-04 08:17:56', '2022-07-04 17:05:56'),
(66, '12345678916', '6303072dd36590.63650529-12345678915.jpg', '6303072dd36590.63650529-12345678915.jpg', '-7.8156567', '110.4163226', '-7.8156567', '110.4163226', '2022-07-05 08:17:56', '2022-07-05 17:05:56'),
(67, '12345678916', '6303072dd36590.63650529-12345678915.jpg', '6303072dd36590.63650529-12345678915.jpg', '-7.8156567', '110.4163226', '-7.8156567', '110.4163226', '2022-07-06 08:17:56', '2022-07-06 17:05:56'),
(68, '12345678916', '6303072dd36590.63650529-12345678915.jpg', '6303072dd36590.63650529-12345678915.jpg', '-7.8156567', '110.4163226', '-7.8156567', '110.4163226', '2022-07-07 08:17:56', '2022-07-07 17:05:56'),
(69, '12345678916', '6303072dd36590.63650529-12345678915.jpg', '6303072dd36590.63650529-12345678915.jpg', '-7.8156567', '110.4163226', '-7.8156567', '110.4163226', '2022-07-08 08:17:56', '2022-07-08 17:05:56'),
(70, '12345678916', '6303072dd36590.63650529-12345678915.jpg', '6303072dd36590.63650529-12345678915.jpg', '-7.8156567', '110.4163226', '-7.8156567', '110.4163226', '2022-07-11 08:17:56', '2022-07-11 17:05:56'),
(71, '12345678916', '6303072dd36590.63650529-12345678915.jpg', '6303072dd36590.63650529-12345678915.jpg', '-7.8156567', '110.4163226', '-7.8156567', '110.4163226', '2022-07-12 08:17:56', '2022-07-12 17:05:56'),
(72, '12345678916', '6303072dd36590.63650529-12345678915.jpg', '6303072dd36590.63650529-12345678915.jpg', '-7.8156567', '110.4163226', '-7.8156567', '110.4163226', '2022-07-13 08:17:56', '2022-07-13 17:05:56'),
(73, '12345678916', '6303072dd36590.63650529-12345678915.jpg', '6303072dd36590.63650529-12345678915.jpg', '-7.8156567', '110.4163226', '-7.8156567', '110.4163226', '2022-07-14 08:17:56', '2022-07-14 17:05:56'),
(74, '12345678916', '6303072dd36590.63650529-12345678915.jpg', '6303072dd36590.63650529-12345678915.jpg', '-7.8156567', '110.4163226', '-7.8156567', '110.4163226', '2022-07-15 08:17:56', '2022-07-15 17:05:56'),
(75, '12345678916', '6303072dd36590.63650529-12345678915.jpg', '6303072dd36590.63650529-12345678915.jpg', '-7.8156567', '110.4163226', '-7.8156567', '110.4163226', '2022-07-18 08:17:56', '2022-07-18 17:05:56'),
(76, '12345678916', '6303072dd36590.63650529-12345678915.jpg', '6303072dd36590.63650529-12345678915.jpg', '-7.8156567', '110.4163226', '-7.8156567', '110.4163226', '2022-07-19 08:17:56', '2022-07-19 17:05:56'),
(77, '12345678916', '6303072dd36590.63650529-12345678915.jpg', '6303072dd36590.63650529-12345678915.jpg', '-7.8156567', '110.4163226', '-7.8156567', '110.4163226', '2022-07-20 08:17:56', '2022-07-20 17:05:56'),
(78, '12345678916', '6303072dd36590.63650529-12345678915.jpg', '6303072dd36590.63650529-12345678915.jpg', '-7.8156567', '110.4163226', '-7.8156567', '110.4163226', '2022-07-21 08:17:56', '2022-07-21 17:05:56'),
(79, '12345678916', '6303072dd36590.63650529-12345678915.jpg', '6303072dd36590.63650529-12345678915.jpg', '-7.8156567', '110.4163226', '-7.8156567', '110.4163226', '2022-07-22 08:17:56', '2022-07-22 17:05:56'),
(80, '12345678916', '6303072dd36590.63650529-12345678915.jpg', '6303072dd36590.63650529-12345678915.jpg', '-7.8156567', '110.4163226', '-7.8156567', '110.4163226', '2022-07-25 08:17:56', '2022-07-25 17:05:56'),
(81, '12345678916', '6303072dd36590.63650529-12345678915.jpg', '6303072dd36590.63650529-12345678915.jpg', '-7.8156567', '110.4163226', '-7.8156567', '110.4163226', '2022-07-26 08:17:56', '2022-07-26 17:05:56'),
(82, '12345678916', '6303072dd36590.63650529-12345678915.jpg', '6303072dd36590.63650529-12345678915.jpg', '-7.8156567', '110.4163226', '-7.8156567', '110.4163226', '2022-07-27 08:17:56', '2022-07-27 17:05:56'),
(83, '12345678916', '6303072dd36590.63650529-12345678915.jpg', '6303072dd36590.63650529-12345678915.jpg', '-7.8156567', '110.4163226', '-7.8156567', '110.4163226', '2022-07-28 08:17:56', '2022-07-28 17:05:56'),
(84, '12345678916', '6303072dd36590.63650529-12345678915.jpg', '6303072dd36590.63650529-12345678915.jpg', '-7.8156567', '110.4163226', '-7.8156567', '110.4163226', '2022-07-29 08:17:56', '2022-07-29 17:05:56'),
(85, '12345678915', '6303072dd36590.63650529-12345678915.jpg', '6303072dd36590.63650529-12345678915.jpg', '-7.8156567', '110.4163226', '-7.8156567', '110.4163226', '2022-07-01 08:17:56', '2022-07-01 17:05:56'),
(86, '12345678915', '6303072dd36590.63650529-12345678915.jpg', '6303072dd36590.63650529-12345678915.jpg', '-7.8156567', '110.4163226', '-7.8156567', '110.4163226', '2022-07-04 08:17:56', '2022-07-04 17:05:56'),
(87, '12345678915', '6303072dd36590.63650529-12345678915.jpg', '6303072dd36590.63650529-12345678915.jpg', '-7.8156567', '110.4163226', '-7.8156567', '110.4163226', '2022-07-05 08:17:56', '2022-07-05 17:05:56'),
(88, '12345678915', '6303072dd36590.63650529-12345678915.jpg', '6303072dd36590.63650529-12345678915.jpg', '-7.8156567', '110.4163226', '-7.8156567', '110.4163226', '2022-07-06 08:17:56', '2022-07-06 17:05:56'),
(89, '12345678915', '6303072dd36590.63650529-12345678915.jpg', '6303072dd36590.63650529-12345678915.jpg', '-7.8156567', '110.4163226', '-7.8156567', '110.4163226', '2022-07-07 08:17:56', '2022-07-07 17:05:56'),
(90, '12345678915', '6303072dd36590.63650529-12345678915.jpg', '6303072dd36590.63650529-12345678915.jpg', '-7.8156567', '110.4163226', '-7.8156567', '110.4163226', '2022-07-08 08:17:56', '2022-07-08 17:05:56'),
(91, '12345678915', '6303072dd36590.63650529-12345678915.jpg', '6303072dd36590.63650529-12345678915.jpg', '-7.8156567', '110.4163226', '-7.8156567', '110.4163226', '2022-07-11 08:17:56', '2022-07-11 17:05:56'),
(92, '12345678915', '6303072dd36590.63650529-12345678915.jpg', '6303072dd36590.63650529-12345678915.jpg', '-7.8156567', '110.4163226', '-7.8156567', '110.4163226', '2022-07-12 08:17:56', '2022-07-12 17:05:56'),
(93, '12345678915', '6303072dd36590.63650529-12345678915.jpg', '6303072dd36590.63650529-12345678915.jpg', '-7.8156567', '110.4163226', '-7.8156567', '110.4163226', '2022-07-13 08:17:56', '2022-07-13 17:05:56'),
(94, '12345678915', '6303072dd36590.63650529-12345678915.jpg', '6303072dd36590.63650529-12345678915.jpg', '-7.8156567', '110.4163226', '-7.8156567', '110.4163226', '2022-07-14 08:17:56', '2022-07-14 17:05:56'),
(95, '12345678915', '6303072dd36590.63650529-12345678915.jpg', '6303072dd36590.63650529-12345678915.jpg', '-7.8156567', '110.4163226', '-7.8156567', '110.4163226', '2022-07-15 08:17:56', '2022-07-15 17:05:56'),
(96, '12345678915', '6303072dd36590.63650529-12345678915.jpg', '6303072dd36590.63650529-12345678915.jpg', '-7.8156567', '110.4163226', '-7.8156567', '110.4163226', '2022-07-18 08:17:56', '2022-07-18 17:05:56'),
(97, '12345678915', '6303072dd36590.63650529-12345678915.jpg', '6303072dd36590.63650529-12345678915.jpg', '-7.8156567', '110.4163226', '-7.8156567', '110.4163226', '2022-07-19 08:17:56', '2022-07-19 17:05:56'),
(98, '12345678915', '6303072dd36590.63650529-12345678915.jpg', '6303072dd36590.63650529-12345678915.jpg', '-7.8156567', '110.4163226', '-7.8156567', '110.4163226', '2022-07-20 08:17:56', '2022-07-20 17:05:56'),
(99, '12345678915', '6303072dd36590.63650529-12345678915.jpg', '6303072dd36590.63650529-12345678915.jpg', '-7.8156567', '110.4163226', '-7.8156567', '110.4163226', '2022-07-21 08:17:56', '2022-07-21 17:05:56'),
(100, '12345678915', '6303072dd36590.63650529-12345678915.jpg', '6303072dd36590.63650529-12345678915.jpg', '-7.8156567', '110.4163226', '-7.8156567', '110.4163226', '2022-07-22 08:17:56', '2022-07-22 17:05:56'),
(101, '12345678915', '6303072dd36590.63650529-12345678915.jpg', '6303072dd36590.63650529-12345678915.jpg', '-7.8156567', '110.4163226', '-7.8156567', '110.4163226', '2022-07-25 08:17:56', '2022-07-25 17:05:56'),
(102, '12345678915', '6303072dd36590.63650529-12345678915.jpg', '6303072dd36590.63650529-12345678915.jpg', '-7.8156567', '110.4163226', '-7.8156567', '110.4163226', '2022-07-26 08:17:56', '2022-07-26 17:05:56'),
(103, '12345678915', '6303072dd36590.63650529-12345678915.jpg', '6303072dd36590.63650529-12345678915.jpg', '-7.8156567', '110.4163226', '-7.8156567', '110.4163226', '2022-07-27 08:17:56', '2022-07-27 17:05:56'),
(104, '12345678915', '6303072dd36590.63650529-12345678915.jpg', '6303072dd36590.63650529-12345678915.jpg', '-7.8156567', '110.4163226', '-7.8156567', '110.4163226', '2022-07-28 08:17:56', '2022-07-28 17:05:56'),
(105, '12345678915', '6303072dd36590.63650529-12345678915.jpg', '6303072dd36590.63650529-12345678915.jpg', '-7.8156567', '110.4163226', '-7.8156567', '110.4163226', '2022-07-29 08:17:56', '2022-07-29 17:05:56'),
(106, '19990510123', '6303072dd36590.63650529-12345678915.jpg', '6303072dd36590.63650529-12345678915.jpg', '-7.8156567', '110.4163226', '-7.8156567', '110.4163226', '2022-08-01 08:17:56', '2022-08-01 17:05:56'),
(107, '19990510123', '6303072dd36590.63650529-12345678915.jpg', '6303072dd36590.63650529-12345678915.jpg', '-7.8156567', '110.4163226', '-7.8156567', '110.4163226', '2022-08-02 08:17:56', '2022-08-02 17:05:56'),
(108, '19990510123', '6303072dd36590.63650529-12345678915.jpg', '6303072dd36590.63650529-12345678915.jpg', '-7.8156567', '110.4163226', '-7.8156567', '110.4163226', '2022-08-03 08:17:56', '2022-08-03 17:05:56'),
(109, '19990510123', '6303072dd36590.63650529-12345678915.jpg', '6303072dd36590.63650529-12345678915.jpg', '-7.8156567', '110.4163226', '-7.8156567', '110.4163226', '2022-08-04 08:17:56', '2022-08-04 17:05:56'),
(110, '19990510123', '6303072dd36590.63650529-12345678915.jpg', '6303072dd36590.63650529-12345678915.jpg', '-7.8156567', '110.4163226', '-7.8156567', '110.4163226', '2022-08-05 08:17:56', '2022-08-05 17:05:56'),
(111, '19990510123', '6303072dd36590.63650529-12345678915.jpg', '6303072dd36590.63650529-12345678915.jpg', '-7.8156567', '110.4163226', '-7.8156567', '110.4163226', '2022-08-08 08:17:56', '2022-08-08 17:05:56'),
(112, '19990510123', '6303072dd36590.63650529-12345678915.jpg', '6303072dd36590.63650529-12345678915.jpg', '-7.8156567', '110.4163226', '-7.8156567', '110.4163226', '2022-08-09 08:17:56', '2022-08-09 17:05:56'),
(113, '19990510123', '6303072dd36590.63650529-12345678915.jpg', '6303072dd36590.63650529-12345678915.jpg', '-7.8156567', '110.4163226', '-7.8156567', '110.4163226', '2022-08-10 08:17:56', '2022-08-10 17:05:56'),
(114, '19990510123', '6303072dd36590.63650529-12345678915.jpg', '6303072dd36590.63650529-12345678915.jpg', '-7.8156567', '110.4163226', '-7.8156567', '110.4163226', '2022-08-11 08:17:56', '2022-08-11 17:05:56'),
(115, '19990510123', '6303072dd36590.63650529-12345678915.jpg', '6303072dd36590.63650529-12345678915.jpg', '-7.8156567', '110.4163226', '-7.8156567', '110.4163226', '2022-08-12 08:17:56', '2022-08-12 17:05:56'),
(116, '19990510123', '6303072dd36590.63650529-12345678915.jpg', '6303072dd36590.63650529-12345678915.jpg', '-7.8156567', '110.4163226', '-7.8156567', '110.4163226', '2022-08-15 08:17:56', '2022-08-15 17:05:56'),
(117, '19990510123', '6303072dd36590.63650529-12345678915.jpg', '6303072dd36590.63650529-12345678915.jpg', '-7.8156567', '110.4163226', '-7.8156567', '110.4163226', '2022-08-16 08:17:56', '2022-08-16 17:05:56'),
(118, '12345678910', '6303072dd36590.63650529-12345678915.jpg', '6303072dd36590.63650529-12345678915.jpg', '-7.8156567', '110.4163226', '-7.8156567', '110.4163226', '2022-08-01 08:17:56', '2022-08-01 17:05:56'),
(119, '12345678910', '6303072dd36590.63650529-12345678915.jpg', '6303072dd36590.63650529-12345678915.jpg', '-7.8156567', '110.4163226', '-7.8156567', '110.4163226', '2022-08-02 08:17:56', '2022-08-02 17:05:56'),
(120, '12345678910', '6303072dd36590.63650529-12345678915.jpg', '6303072dd36590.63650529-12345678915.jpg', '-7.8156567', '110.4163226', '-7.8156567', '110.4163226', '2022-08-03 08:17:56', '2022-08-03 17:05:56'),
(121, '12345678910', '6303072dd36590.63650529-12345678915.jpg', '6303072dd36590.63650529-12345678915.jpg', '-7.8156567', '110.4163226', '-7.8156567', '110.4163226', '2022-08-04 08:17:56', '2022-08-04 17:05:56'),
(122, '12345678910', '6303072dd36590.63650529-12345678915.jpg', '6303072dd36590.63650529-12345678915.jpg', '-7.8156567', '110.4163226', '-7.8156567', '110.4163226', '2022-08-05 08:17:56', '2022-08-05 17:05:56'),
(123, '12345678910', '6303072dd36590.63650529-12345678915.jpg', '6303072dd36590.63650529-12345678915.jpg', '-7.8156567', '110.4163226', '-7.8156567', '110.4163226', '2022-08-08 08:17:56', '2022-08-08 17:05:56'),
(124, '12345678910', '6303072dd36590.63650529-12345678915.jpg', '6303072dd36590.63650529-12345678915.jpg', '-7.8156567', '110.4163226', '-7.8156567', '110.4163226', '2022-08-09 08:17:56', '2022-08-09 17:05:56'),
(125, '12345678910', '6303072dd36590.63650529-12345678915.jpg', '6303072dd36590.63650529-12345678915.jpg', '-7.8156567', '110.4163226', '-7.8156567', '110.4163226', '2022-08-10 08:17:56', '2022-08-10 17:05:56'),
(126, '12345678910', '6303072dd36590.63650529-12345678915.jpg', '6303072dd36590.63650529-12345678915.jpg', '-7.8156567', '110.4163226', '-7.8156567', '110.4163226', '2022-08-11 08:17:56', '2022-08-11 17:05:56'),
(127, '12345678910', '6303072dd36590.63650529-12345678915.jpg', '6303072dd36590.63650529-12345678915.jpg', '-7.8156567', '110.4163226', '-7.8156567', '110.4163226', '2022-08-12 08:17:56', '2022-08-12 17:05:56'),
(128, '12345678910', '6303072dd36590.63650529-12345678915.jpg', '6303072dd36590.63650529-12345678915.jpg', '-7.8156567', '110.4163226', '-7.8156567', '110.4163226', '2022-08-15 08:17:56', '2022-08-15 17:05:56'),
(129, '12345678910', '6303072dd36590.63650529-12345678915.jpg', '6303072dd36590.63650529-12345678915.jpg', '-7.8156567', '110.4163226', '-7.8156567', '110.4163226', '2022-08-16 08:17:56', '2022-08-16 17:05:56'),
(130, '12345678914', '6303072dd36590.63650529-12345678915.jpg', '6303072dd36590.63650529-12345678915.jpg', '-7.8156567', '110.4163226', '-7.8156567', '110.4163226', '2022-08-01 08:17:56', '2022-08-01 17:05:56'),
(131, '12345678914', '6303072dd36590.63650529-12345678915.jpg', '6303072dd36590.63650529-12345678915.jpg', '-7.8156567', '110.4163226', '-7.8156567', '110.4163226', '2022-08-02 08:17:56', '2022-08-02 17:05:56'),
(132, '12345678914', '6303072dd36590.63650529-12345678915.jpg', '6303072dd36590.63650529-12345678915.jpg', '-7.8156567', '110.4163226', '-7.8156567', '110.4163226', '2022-08-03 08:17:56', '2022-08-03 17:05:56'),
(133, '12345678914', '6303072dd36590.63650529-12345678915.jpg', '6303072dd36590.63650529-12345678915.jpg', '-7.8156567', '110.4163226', '-7.8156567', '110.4163226', '2022-08-04 08:17:56', '2022-08-04 17:05:56'),
(134, '12345678914', '6303072dd36590.63650529-12345678915.jpg', '6303072dd36590.63650529-12345678915.jpg', '-7.8156567', '110.4163226', '-7.8156567', '110.4163226', '2022-08-05 08:17:56', '2022-08-05 17:05:56'),
(135, '12345678914', '6303072dd36590.63650529-12345678915.jpg', '6303072dd36590.63650529-12345678915.jpg', '-7.8156567', '110.4163226', '-7.8156567', '110.4163226', '2022-08-08 08:17:56', '2022-08-08 17:05:56'),
(136, '12345678914', '6303072dd36590.63650529-12345678915.jpg', '6303072dd36590.63650529-12345678915.jpg', '-7.8156567', '110.4163226', '-7.8156567', '110.4163226', '2022-08-09 08:17:56', '2022-08-09 17:05:56'),
(137, '12345678914', '6303072dd36590.63650529-12345678915.jpg', '6303072dd36590.63650529-12345678915.jpg', '-7.8156567', '110.4163226', '-7.8156567', '110.4163226', '2022-08-10 08:17:56', '2022-08-10 17:05:56'),
(138, '12345678914', '6303072dd36590.63650529-12345678915.jpg', '6303072dd36590.63650529-12345678915.jpg', '-7.8156567', '110.4163226', '-7.8156567', '110.4163226', '2022-08-11 08:17:56', '2022-08-11 17:05:56'),
(139, '12345678914', '6303072dd36590.63650529-12345678915.jpg', '6303072dd36590.63650529-12345678915.jpg', '-7.8156567', '110.4163226', '-7.8156567', '110.4163226', '2022-08-12 08:17:56', '2022-08-12 17:05:56'),
(140, '12345678914', '6303072dd36590.63650529-12345678915.jpg', '6303072dd36590.63650529-12345678915.jpg', '-7.8156567', '110.4163226', '-7.8156567', '110.4163226', '2022-08-15 08:17:56', '2022-08-15 17:05:56'),
(141, '12345678914', '6303072dd36590.63650529-12345678915.jpg', '6303072dd36590.63650529-12345678915.jpg', '-7.8156567', '110.4163226', '-7.8156567', '110.4163226', '2022-08-16 08:17:56', '2022-08-16 17:05:56'),
(142, '12345678916', '6303072dd36590.63650529-12345678915.jpg', '6303072dd36590.63650529-12345678915.jpg', '-7.8156567', '110.4163226', '-7.8156567', '110.4163226', '2022-08-01 08:17:56', '2022-08-01 17:05:56'),
(143, '12345678916', '6303072dd36590.63650529-12345678915.jpg', '6303072dd36590.63650529-12345678915.jpg', '-7.8156567', '110.4163226', '-7.8156567', '110.4163226', '2022-08-02 08:17:56', '2022-08-02 17:05:56'),
(144, '12345678916', '6303072dd36590.63650529-12345678915.jpg', '6303072dd36590.63650529-12345678915.jpg', '-7.8156567', '110.4163226', '-7.8156567', '110.4163226', '2022-08-03 08:17:56', '2022-08-03 17:05:56'),
(145, '12345678916', '6303072dd36590.63650529-12345678915.jpg', '6303072dd36590.63650529-12345678915.jpg', '-7.8156567', '110.4163226', '-7.8156567', '110.4163226', '2022-08-04 08:17:56', '2022-08-04 17:05:56'),
(146, '12345678916', '6303072dd36590.63650529-12345678915.jpg', '6303072dd36590.63650529-12345678915.jpg', '-7.8156567', '110.4163226', '-7.8156567', '110.4163226', '2022-08-05 08:17:56', '2022-08-05 17:05:56'),
(147, '12345678916', '6303072dd36590.63650529-12345678915.jpg', '6303072dd36590.63650529-12345678915.jpg', '-7.8156567', '110.4163226', '-7.8156567', '110.4163226', '2022-08-08 08:17:56', '2022-08-08 17:05:56'),
(148, '12345678916', '6303072dd36590.63650529-12345678915.jpg', '6303072dd36590.63650529-12345678915.jpg', '-7.8156567', '110.4163226', '-7.8156567', '110.4163226', '2022-08-09 08:17:56', '2022-08-09 17:05:56'),
(149, '12345678916', '6303072dd36590.63650529-12345678915.jpg', '6303072dd36590.63650529-12345678915.jpg', '-7.8156567', '110.4163226', '-7.8156567', '110.4163226', '2022-08-10 08:17:56', '2022-08-10 17:05:56'),
(150, '12345678916', '6303072dd36590.63650529-12345678915.jpg', '6303072dd36590.63650529-12345678915.jpg', '-7.8156567', '110.4163226', '-7.8156567', '110.4163226', '2022-08-11 08:17:56', '2022-08-11 17:05:56'),
(151, '12345678916', '6303072dd36590.63650529-12345678915.jpg', '6303072dd36590.63650529-12345678915.jpg', '-7.8156567', '110.4163226', '-7.8156567', '110.4163226', '2022-08-12 08:17:56', '2022-08-12 17:05:56'),
(152, '12345678916', '6303072dd36590.63650529-12345678915.jpg', '6303072dd36590.63650529-12345678915.jpg', '-7.8156567', '110.4163226', '-7.8156567', '110.4163226', '2022-08-15 08:17:56', '2022-08-15 17:05:56'),
(153, '12345678916', '6303072dd36590.63650529-12345678915.jpg', '6303072dd36590.63650529-12345678915.jpg', '-7.8156567', '110.4163226', '-7.8156567', '110.4163226', '2022-08-16 08:17:56', '2022-08-16 17:05:56'),
(154, '12345678915', '6303072dd36590.63650529-12345678915.jpg', '6303072dd36590.63650529-12345678915.jpg', '-7.8156567', '110.4163226', '-7.8156567', '110.4163226', '2022-08-01 08:17:56', '2022-08-01 17:05:56'),
(155, '12345678915', '6303072dd36590.63650529-12345678915.jpg', '6303072dd36590.63650529-12345678915.jpg', '-7.8156567', '110.4163226', '-7.8156567', '110.4163226', '2022-08-02 08:17:56', '2022-08-02 17:05:56'),
(156, '12345678915', '6303072dd36590.63650529-12345678915.jpg', '6303072dd36590.63650529-12345678915.jpg', '-7.8156567', '110.4163226', '-7.8156567', '110.4163226', '2022-08-03 08:17:56', '2022-08-03 17:05:56'),
(157, '12345678915', '6303072dd36590.63650529-12345678915.jpg', '6303072dd36590.63650529-12345678915.jpg', '-7.8156567', '110.4163226', '-7.8156567', '110.4163226', '2022-08-04 08:17:56', '2022-08-04 17:05:56'),
(158, '12345678915', '6303072dd36590.63650529-12345678915.jpg', '6303072dd36590.63650529-12345678915.jpg', '-7.8156567', '110.4163226', '-7.8156567', '110.4163226', '2022-08-05 08:17:56', '2022-08-05 17:05:56'),
(159, '12345678915', '6303072dd36590.63650529-12345678915.jpg', '6303072dd36590.63650529-12345678915.jpg', '-7.8156567', '110.4163226', '-7.8156567', '110.4163226', '2022-08-08 08:17:56', '2022-08-08 17:05:56'),
(160, '12345678915', '6303072dd36590.63650529-12345678915.jpg', '6303072dd36590.63650529-12345678915.jpg', '-7.8156567', '110.4163226', '-7.8156567', '110.4163226', '2022-08-09 08:17:56', '2022-08-09 17:05:56'),
(161, '12345678915', '6303072dd36590.63650529-12345678915.jpg', '6303072dd36590.63650529-12345678915.jpg', '-7.8156567', '110.4163226', '-7.8156567', '110.4163226', '2022-08-10 08:17:56', '2022-08-10 17:05:56'),
(162, '12345678915', '6303072dd36590.63650529-12345678915.jpg', '6303072dd36590.63650529-12345678915.jpg', '-7.8156567', '110.4163226', '-7.8156567', '110.4163226', '2022-08-11 08:17:56', '2022-08-11 17:05:56'),
(163, '12345678915', '6303072dd36590.63650529-12345678915.jpg', '6303072dd36590.63650529-12345678915.jpg', '-7.8156567', '110.4163226', '-7.8156567', '110.4163226', '2022-08-12 08:17:56', '2022-08-12 17:05:56'),
(164, '12345678915', '6303072dd36590.63650529-12345678915.jpg', '6303072dd36590.63650529-12345678915.jpg', '-7.8156567', '110.4163226', '-7.8156567', '110.4163226', '2022-08-15 08:17:56', '2022-08-15 17:05:56'),
(165, '12345678915', '6303072dd36590.63650529-12345678915.jpg', '6303072dd36590.63650529-12345678915.jpg', '-7.8156567', '110.4163226', '-7.8156567', '110.4163226', '2022-08-16 08:17:56', '2022-08-16 17:05:56');

-- --------------------------------------------------------

--
-- Table structure for table `auth`
--

DROP TABLE IF EXISTS `auth`;
CREATE TABLE IF NOT EXISTS `auth` (
  `auth_id` int(11) NOT NULL AUTO_INCREMENT,
  `auth_username` varchar(25) NOT NULL,
  `auth_email` varchar(50) NOT NULL,
  `auth_password` varchar(60) NOT NULL,
  `auth_nik` varchar(12) NOT NULL,
  `auth_created_datetime` datetime DEFAULT NULL,
  `auth_updated_datetime` datetime DEFAULT NULL,
  PRIMARY KEY (`auth_id`),
  KEY `nik` (`auth_nik`)
) ENGINE=MyISAM AUTO_INCREMENT=12 DEFAULT CHARSET=latin1;

--
-- Dumping data for table `auth`
--

INSERT INTO `auth` (`auth_id`, `auth_username`, `auth_email`, `auth_password`, `auth_nik`, `auth_created_datetime`, `auth_updated_datetime`) VALUES
(8, 'bayuskak', 'bayuskak@email.com', '$2y$10$2HPhxaqFjzvDwC3RAo8OKuXBPUePTIpi7d9hEMXM6txIr.YKUMmlG', '12345678913', '2022-08-12 10:02:42', '2022-08-22 09:34:54'),
(4, 'denydeny', 'deny@gmail.com', '$2y$10$/35.tGFcjXK6MrEL5uhPne3U/wK7xiOVycXHpnXxcF22zA8EPSGmi', '12345678111', '2022-08-04 14:36:13', '2022-08-22 09:34:46'),
(10, 'test123', 'test123@email.com', '$2y$10$MACMX480xbBz7yrx5h6nqO0YasLl2SOMldkxGmkHW6d0pzy5muL5S', '1CEOKANTOR2', '2022-08-23 16:30:54', '2022-08-23 16:30:54'),
(11, 'hrcabang123', 'hrcabang123@email.com', '$2y$10$WQ.yMChMazx4CKu2sxr.0.IhdgfA6wsfafHoW4Jz0UZIGvnqFmwza', '123HRCABANG', '2022-08-23 16:33:15', '2022-08-23 16:33:15'),
(9, 'sujakcingur', 'sujakcingur@email.com', '$2y$10$eoStSQyF6vh5RcCydzuvzeIfvpd5eVmeZB07H..yiD7cK1cWgJLIy', '12345678912', '2022-08-12 10:03:14', '2022-08-22 09:34:50');

-- --------------------------------------------------------

--
-- Table structure for table `izin`
--

DROP TABLE IF EXISTS `izin`;
CREATE TABLE IF NOT EXISTS `izin` (
  `izin_id` int(11) NOT NULL AUTO_INCREMENT,
  `izin_nik` varchar(11) NOT NULL,
  `izin_date` date DEFAULT NULL,
  `izin_hari` int(3) NOT NULL,
  `izin_status_id` int(11) NOT NULL,
  `izin_syarat` varchar(25) NOT NULL,
  PRIMARY KEY (`izin_id`),
  KEY `izin_status_id` (`izin_status_id`),
  KEY `izin_nik` (`izin_nik`)
) ENGINE=MyISAM AUTO_INCREMENT=8 DEFAULT CHARSET=latin1;

--
-- Dumping data for table `izin`
--

INSERT INTO `izin` (`izin_id`, `izin_nik`, `izin_date`, `izin_hari`, `izin_status_id`, `izin_syarat`) VALUES
(1, '19990510123', '2022-08-18', 1, 3, 'Potong Cuti'),
(2, '1234KANTOR2', '2022-08-24', 1, 9, 'Potong Cuti'),
(3, '19990510123', '2022-08-25', 2, 3, 'Potong Cuti'),
(4, '19990510123', '2022-08-29', 2, 2, 'Bebas'),
(5, '12345678914', '2022-08-29', 2, 6, 'Potong Cuti'),
(6, '12345678914', '2022-09-12', 1, 3, 'Potong Cuti'),
(7, '123456AVCD1', '2022-08-26', 2, 3, 'Potong Cuti');

-- --------------------------------------------------------

--
-- Table structure for table `jabatan`
--

DROP TABLE IF EXISTS `jabatan`;
CREATE TABLE IF NOT EXISTS `jabatan` (
  `jabatan_id` int(11) NOT NULL AUTO_INCREMENT,
  `jabatan_nama` varchar(50) NOT NULL,
  PRIMARY KEY (`jabatan_id`)
) ENGINE=MyISAM AUTO_INCREMENT=6 DEFAULT CHARSET=latin1;

--
-- Dumping data for table `jabatan`
--

INSERT INTO `jabatan` (`jabatan_id`, `jabatan_nama`) VALUES
(2, 'Manager'),
(3, 'Human Resource'),
(4, 'Karyawan'),
(1, 'CEO');

-- --------------------------------------------------------

--
-- Table structure for table `kantor`
--

DROP TABLE IF EXISTS `kantor`;
CREATE TABLE IF NOT EXISTS `kantor` (
  `kantor_id` int(11) NOT NULL AUTO_INCREMENT,
  `kantor_name` varchar(100) NOT NULL,
  `kantor_alamat` varchar(255) NOT NULL,
  `kantor_latitude` varchar(20) NOT NULL,
  `kantor_longitude` varchar(20) NOT NULL,
  `kantor_radius` int(3) NOT NULL,
  `kantor_created_datetime` datetime DEFAULT NULL,
  `kantor_updated_datetime` datetime DEFAULT NULL,
  PRIMARY KEY (`kantor_id`)
) ENGINE=MyISAM AUTO_INCREMENT=8 DEFAULT CHARSET=latin1;

--
-- Dumping data for table `kantor`
--

INSERT INTO `kantor` (`kantor_id`, `kantor_name`, `kantor_alamat`, `kantor_latitude`, `kantor_longitude`, `kantor_radius`, `kantor_created_datetime`, `kantor_updated_datetime`) VALUES
(2, 'PT. Era System Digital', 'Jl. Ahmad Wahid No.63 Mantup, Baturetno, Banguntapan, Bantul, DIY', '-7.815720241292038', '110.4167179976672', 50, '2022-08-18 14:08:09', '2022-08-18 14:08:57'),
(6, 'Test Kantor 2', 'Test Kantor 2', '-7.81568818751681', '110.41634285767076', 50, '2022-08-23 13:29:36', '2022-08-23 13:29:36'),
(7, 'JDV', 'Jl. Kartini No.7, Terban, Kec. Gondokusuman, Kota Yogyakarta, Daerah Istimewa Yogyakarta 55223', '-7.778746770819122', '110.37794888465854', 10000, '2022-08-25 13:39:43', '2022-08-25 13:41:58');

-- --------------------------------------------------------

--
-- Table structure for table `status_izin`
--

DROP TABLE IF EXISTS `status_izin`;
CREATE TABLE IF NOT EXISTS `status_izin` (
  `status_izin_id` int(11) NOT NULL AUTO_INCREMENT,
  `status_izin_keterangan` varchar(100) NOT NULL,
  PRIMARY KEY (`status_izin_id`)
) ENGINE=MyISAM AUTO_INCREMENT=11 DEFAULT CHARSET=latin1;

--
-- Dumping data for table `status_izin`
--

INSERT INTO `status_izin` (`status_izin_id`, `status_izin_keterangan`) VALUES
(1, 'Meninggalkan Pekerjaan karena Terlambat Masuk'),
(2, 'Meninggalkan Pekerjaan karena Meninggalkan Kantor'),
(3, 'Meninggalkan Pekerjaan karena Tidak Masuk Kantor'),
(4, 'Meninggalkan Pekerjaan karena Masuk Kantor Pada Hari Libur'),
(5, 'Cuti Tahunan'),
(6, 'Cuti Pernikahan'),
(7, 'Cuti Kelahiran'),
(8, 'Cuti Pembaptisan'),
(9, 'Cuti Khitanan'),
(10, 'Lain Lain');

-- --------------------------------------------------------

--
-- Table structure for table `user`
--

DROP TABLE IF EXISTS `user`;
CREATE TABLE IF NOT EXISTS `user` (
  `user_id` int(11) NOT NULL AUTO_INCREMENT,
  `user_name` varchar(50) NOT NULL,
  `user_slug` varchar(50) NOT NULL,
  `user_nik` varchar(11) NOT NULL,
  `user_jenis_kelamin` varchar(10) NOT NULL,
  `user_jabatan_id` int(11) NOT NULL,
  `user_kantor_id` int(11) NOT NULL,
  `user_created_datetime` datetime DEFAULT NULL,
  `user_updated_datetime` datetime DEFAULT NULL,
  PRIMARY KEY (`user_id`),
  KEY `nik` (`user_nik`),
  KEY `user_jabatan_id` (`user_jabatan_id`),
  KEY `user_kantor_id` (`user_kantor_id`)
) ENGINE=MyISAM AUTO_INCREMENT=34 DEFAULT CHARSET=latin1;

--
-- Dumping data for table `user`
--

INSERT INTO `user` (`user_id`, `user_name`, `user_slug`, `user_nik`, `user_jenis_kelamin`, `user_jabatan_id`, `user_kantor_id`, `user_created_datetime`, `user_updated_datetime`) VALUES
(23, 'Romi Haidar', 'romi-haidar', '19990510123', 'Pria', 4, 2, '2022-08-12 11:13:49', '2022-08-22 09:35:16'),
(14, 'Michael Deny', 'michael-deny', '12345678111', 'Pria', 1, 2, '2022-08-04 13:32:22', '2022-08-22 09:34:46'),
(17, 'Mister Yus', 'mister-yus', '12345678910', 'Pria', 4, 2, '2022-08-08 13:23:00', '2022-08-22 09:34:26'),
(21, 'Bayu Skak', 'bayu-skak', '12345678913', 'Pria', 3, 2, '2022-08-12 09:58:43', '2022-08-22 09:34:54'),
(22, 'Sujak Cingur', 'sujak-cingur', '12345678912', 'Pria', 2, 2, '2022-08-12 09:59:12', '2022-08-22 09:34:50'),
(24, 'Sir Kush', 'sir-kush', '12345678914', 'Pria', 4, 2, '2022-08-12 11:14:14', '2022-08-22 09:35:27'),
(25, 'Siska Khol', 'siska-khol', '12345678915', 'Wanita', 4, 2, '2022-08-12 11:15:18', '2022-08-22 09:35:05'),
(26, 'Jek Separo', 'jek-separo', '12345678916', 'Pria', 4, 2, '2022-08-12 11:16:11', '2022-08-22 09:34:59'),
(30, 'Test Karyawan Kantor Cabang', 'test-karyawan-kantor-cabang', '1234KANTOR2', 'Pria', 4, 6, '2022-08-23 13:30:37', '2022-08-23 13:30:37'),
(31, 'Test CEO Kantor Cabang', 'test-ceo-kantor-cabang', '1CEOKANTOR2', 'Pria', 1, 6, '2022-08-23 16:30:25', '2022-08-23 16:30:25'),
(32, 'Test HR Kantor Cabang', 'test-hr-kantor-cabang', '123HRCABANG', 'Wanita', 3, 6, '2022-08-23 16:32:38', '2022-08-23 16:32:38'),
(33, 'Lucas Toto', 'lucas-toto', '123456AVCD1', 'Wanita', 4, 7, '2022-08-25 13:40:32', '2022-08-25 13:40:32');
COMMIT;

/*!40101 SET CHARACTER_SET_CLIENT=@OLD_CHARACTER_SET_CLIENT */;
/*!40101 SET CHARACTER_SET_RESULTS=@OLD_CHARACTER_SET_RESULTS */;
/*!40101 SET COLLATION_CONNECTION=@OLD_COLLATION_CONNECTION */;
